կազմակերպել,{{hy-conj-ել|mp=on}}
խուզել,{{hy-conj-ել|խուզ|mp=on}}
սպանել,{{hy-conj-el|սպան|mp=on}}
ջղայնացնել,{{hy-conj-ցն-ել}}
թարգմանել,{{hy-conj-ել|թարգման|mp=on}}
խոսել,{{hy-conj-ել|mp=on|caus=on}}
քայլել,{{hy-conj-ել|քայլ|caus=on}}
շպրտել,{{hy-conj-ել|շպրտ|mp=on}}
քշել,{{hy-conj-ել|քշ|mp=on}}
որսալ,{{hy-conj-ալ|որս|caus=on}}
մրսել,{{hy-conj-ել|մրս}}
հասնել,{{hy-conj-ել|հասն||հաս|caus=on}}
անհանգստանալ,{{hy-conj-ալ|անհանգստան||անհանգստաց|mp=on|caus=on}}
հոտոտել,{{hy-conj-ել|հոտոտ|mp=on}}
լսել,{{hy-conj-ել|լս|mp=on|caus=on}}
փախցնել,{{hy-conj-ցն-ել|փախ}}
հանվել,{{hy-conj-ել|հանվ|caus=on}}
հրամայել,{{hy-conj-ել|հրամայ|mp=on}}
փլվել,{{hy-conj-ել|փլվ}}
ծծել,{{hy-conj-ել|ծծ|mp=on|caus=on|note=in the sense of blowjob the causative is always the colloquial {{m|hy|ծծցնել}}}}
հիմարացնել,{{hy-conj-ցն-ել|հիմարա}}
խմել,{{hy-conj-ել|caus=on}}
հորանջել,{{hy-conj-ել|հորանջ}}
սիրել,{{hy-conj-ել|mp=on}}
հասկանալ,{{hy-conj-ալ|հասկան||հասկաց|caus=on}}
լինել,{{hy-conj-ել|լին||եղ}}
սովորել,{{hy-conj-ել|սովոր|caus=on}}
ուտել,{{hy-conj-ել|ուտ||կեր|imp1=[[կե՛ր]]|prohib1=[[մի՛]] [[կեր]]|caus=on}}
տեսնել,{{hy-conj-ել|տեսն||տես|imp1=[[տե՛ս]]|prohib1=[[մի՛]] [[տես]]|mp=on}}
նկարել,{{hy-conj-ել|նկար|mp=on}}
գրել,{{hy-conj-ել|mp=on|caus=on}}
ունենալ,{{hy-conj-ալ|ունեն||ունեց}}
հավատալ,{{hy-conj-ալ|հավատ|caus=on}}
ապրել,{{hy-conj-el|ապր}}
կանչել,{{hy-conj-ել|կանչ|mp=on}}
հավաքել,{{hy-conj-ել|հավաք|mp=on}}
անել,{{hy-conj-ել|ան||ար|imp1=[[արա՛]]|aor=արեց|mp=on|pass=արվել}}
մտնել,{{hy-conj-ել|մտն||մտ|caus=on}}
գնալ,{{hy-conj-ալ|գն}}
գնել,{{hy-conj-ել|գն|mp=on}}
սպասել,{{hy-conj-ել|սպաս|caus=on|mp=on}}
կարդալ,{{hy-conj-ալ|կարդ|caus=on}}
հիշել,{{hy-conj-ել|հիշ}}
կանգնել,{{hy-conj-el|կանգն|caus=on}}
ասել,"{{hy-conj-ել|աս||աս|imp1=[[ասա՛]]|imp2=[[ասե՛ք]]*, [[ասացե՛ք]]|prohib1=[[մի՛]] [[ասա]]|prohib2=[[մի՛]] [[ասեք]]*, [[մի՛]] [[ասացեք]]|aor=ասաց|mp=on|note=*Note the unexpected aorist stem {{m|hy||ասաց-}}, inherited from Old Armenian: see {{m|xcl|ասեմ}}. It should be mentioned though, that colloquially the regular stem {{m|hy||ասեց-}} is used: {{m|hy|ասեցի}}, {{m|hy|ասեցիր}}, {{m|hy|ասեց}}, {{m|hy|ասեցինք}}, {{m|hy|ասեցիք}}, {{m|hy|ասեցին}}"
խորովել,{{hy-conj-ել|խորովv|mp=on}}
շարժել,{{hy-conj-ել|mp=on}}
շարժվել,{{hy-conj-ել|շարժվ}}
շարունակել,{{hy-conj-ել|շարունակ|mp=on}}
աշխատել,{{hy-conj-ել|caus=on}}
չարանալ,{{hy-conj-ալ|չարան||չարաց}}
կարոտել,{{hy-conj-ել|կարոտ}}
ուզել,{{hy-conj-ել|ուզ}}
քնել,{{hy-conj-ել|քն|caus=on}}
նայել,{{hy-conj-ել|mp=on}}
վազել,{{hy-conj-ել|վազ|caus=on}}
խոստանալ,{{hy-conj-ալ|խոստան||խոստաց}}
ֆշշալ,{{hy-conj-ալ|ֆշշ|caus=on}}
հարբել,{{hy-conj-ել|հարբ|caus=on}}
պարել,{{hy-conj-el|պար|caus=on}}
համբուրել,{{hy-conj-ել|համբուր|mp=on}}
երազել,{{hy-conj-el|երազ}}
ուղարկել,{{hy-conj-ել|ուղարկ|mp=on}}
պահել,{{hy-conj-ել|mp=on}}
ստանալ,{{hy-conj-ալ|ստան||ստաց|caus=on}}
մտածել,{{hy-conj-ել|մտած|mp=on}}
հաղթել,{{hy-conj-ել|հաղթ|mp=on}}
հարցնել,{{hy-conj-ցն-ել|հար||հար}}
կառուցել,{{hy-conj-ել|mp=on}}
կռվել,{{hy-conj-ել|կռվ|caus=on}}
մարտնչել,{{hy-conj-ել|մարտնչ}}
հաստատել,{{hy-conj-ել|հաստատ|mp=on}}
ուզենալ,{{hy-conj-ալ|ուզեն||ուզեց}}
ցանկանալ,{{hy-conj-ալ|ցանկան||ցանկաց}}
պառկել,{{hy-conj-el|պառկ}}
փախչել,{{hy-conj-ել|||փախ||caus=on}}
ազատել,{{hy-conj-ել|ազատ|mp=on}}
աղաչել,{{hy-conj-ել|աղաչ}}
պաղատել,{{hy-conj-ել|պաղատ}}
աղոթել,{{hy-conj-ել|աղոթ}}
աճել,{{hy-conj-ել|աճ|caus=on}}
աճացնել,{{hy-conj-ցն-ել|աճա|mp=on}}
բարեւել,{{hy-conj-ել|բարեւ|mp=on}}
սահմանել,{{hy-conj-ել|սահման|mp=on}}
մոտեցնել,{{hy-conj-ցն-ել}}
օգտագործել,{{hy-conj-ել|օգտագործ|mp=on}}
սարքել,{{hy-conj-ել|սարք|mp=on}}
պատրաստել,{{hy-conj-ել|պատրաստ|mp=on}}
շեշտել,{{hy-conj-ել|շեշտ|mp=on}}
տեղեկացնել,{{hy-conj-ցն-ել|տեղեկա}}
խնդրել,{{hy-conj-ել|խնդր|mp=on}}
կառավարել,{{hy-conj-ել|կառավար|mp=on}}
աղավաղել,{{hy-conj-ել|աղավաղ|mp=on}}
հոսել,{{hy-conj-el|հոս}}
պատռել,{{hy-conj-ել|պատռ|mp=on}}
գոռալ,{{hy-conj-ալ|գոռ}}
հանել,{{hy-conj-ել|հան|mp=on}}
կրել,{{hy-conj-ել|կր|mp=on}}
ավելացնել,{{hy-conj-ցն-ել|ավելա}}
պատմել,{{hy-conj-ել|mp=on}}
հայտնել,{{hy-conj-ել|mp=on}}
հայտարարել,{{hy-conj-ել|mp=on}}
համարել,{{hy-conj-ել|համար}}
վերցնել,{{hy-conj-ցն-ել|վեր}}
դնել,{{hy-conj-ել|դն||դր|pass=[[դրվել]]|imp1=[[դի՛ր]]|prohib1=[[մի՛]] [[դիր]]|aor=դրեց|mp=on}}
կախել,{{hy-conj-ել|կախ|mp=on}}
ժպտալ,{{hy-conj-ալ|ժպտ|caus=on}}
ծիծաղալ,{{hy-conj-ալ|ծիծաղ|caus=on}}
հանձնել,{{hy-conj-ել|հանձն|mp=on}}
արարել,{{hy-conj-ել|արար}}
լցնել,{{hy-conj-ցն-ել|լ}}
պատկերել,{{hy-conj-ել|mp=on}}
բացատրել,{{hy-conj-ել|բացատր|mp=on}}
հազալ,{{hy-conj-ալ|հազ|caus=on}}
մաղթել,{{hy-conj-ել|մաղթ|mp=on}}
փռշտալ,{{hy-conj-ալ|փռշտ|caus=on}}
լիզել,{{hy-conj-ել|լիզ}}
կատարել,{{hy-conj-ել|կատար|mp=on}}
կատաղել,{{hy-conj-el|կատաղ|caus=on}}
զննել,{{hy-conj-ել|զնն|mp=on}}
դառնալ,{{hy-conj-ալ|դառն||դարձ|caus=on|}}{{hy-conj-ալ|դառն||դառ|subject=դառնող|subjecttr=daṙnoł}}
քննել,{{hy-conj-ել|քնն|mp=on}}
վերադառնալ,{{hy-conj-ալ|վերադառն||վերադարձ|caus=on}}
զարմանալ,{{hy-conj-ալ|զարման||զարմաց|caus=on}}
գիտենալ,{{hy-conj-ալ|գիտեն||գիտեց}}
իմանալ,{{hy-conj-ալ|իման||իմաց|caus=on}}
փրկել,{{hy-conj-ել|փրկ|mp=on}}
տանել,{{hy-conj-ել|տան||տար|imp1=[[տա՛ր]]|prohib1=[[մի՛]] [[տար]]|pass=[[տարվել]]|note=note the irregular aorist stem and the imperative}}
գործել,{{hy-conj-ել|գործ|mp=on}}
առնել,{{hy-conj-ել|առն||առ|imp1=[[ա՛ռ]]|prohib1=[[մի՛]] [[առ]]|mp=on}}
կտրել,{{hy-conj-el|կտր}}
բռնաբարել,{{hy-conj-ել|բռանաբար|mp=on}}
ծխել,{{hy-conj-el|ծխ}}
արբենալ,{{hy-conj-ալ|արբեն||արբեց|caus=on}}
պաշտպանել,{{hy-conj-ել|պաշտպան|mp=on}}
բերել,{{hy-conj-el|բեր|imp1=բե՛ր|prohib1=[[մի՛]] [[բեր]]|mp=on|note=Note the irregular imperative {{m|hy|բե՛ր}}}}
քաղել,{{hy-conj-ել|քաղ|mp=on}}
խօսել,{{hy-conj-ել-TAO|խօս|mp=on|caus=on}}
բացել,"{{hy-conj-el|բաց|imp1=[[բա՛ց]], [[բացի՛ր]], [[բացի՛]]*|prohib1=[[մի՛]] [[բաց]], [[մի՛]] [[բացիր]], [[մի՛]] [[բացի]]*|mp=on|note=Note the irregular imperative {{m|hy|բա՛ց}}.}}"
փակել,{{hy-conj-ել|փակ|mp=on}}
ըմպել,{{hy-conj-ել|ըմպ|mp=on}}
բրդել,{{hy-conj-ել|բրդ|mp=on}}
թռչել,{{hy-conj-ել|թռչ||թռ|caus=on}}
թռնել,{{hy-conj-ել|թռն||թռ|caus=on}}
հետեւել,{{hy-conj-ել|հետեւ|mp=on|caus=on}}
բուսնել,{{hy-conj-ել|բուսն}}
խաղալ,{{hy-conj-ալ}}
նվագել,{{hy-conj-ել|նվագ|mp=on}}
թանալ,{{hy-conj-ալ|թան|mp=on}}
թրջել,{{hy-conj-ել|թրջ|mp=on}}
թառամել,{{hy-conj-ել|թառամ|caus=on}}
թարշամել,{{hy-conj-ել|թարշամ|caus=on}}
հաշվել,{{hy-conj-ել|հաշվ|mp=on}}
քերել,{{hy-conj-ել|քեր|mp=on}}
աղալ,{{hy-conj-ալ|աղ|caus=on}}
արտասվել,{{hy-conj-ել|արտասվ}}
դիել,{{hy-conj-ել|դի|caus=on}}
երգել,{{hy-conj-ել|երգ|mp=on|caus=on}}
կրծել,{{hy-conj-ել|կրծ}}
կարծել,{{hy-conj-ել|հառ|mp=on}}
կծել,{{hy-conj-el|կծ}}
ատել,{{hy-conj-ել|ատ|mp=on}}
նկատել,{{hy-conj-ել|նկատ|mp=on}}
տշել,{{hy-conj-ել|տշ|mp=on}}
մկրտել,{{hy-conj-ել|mp=on}}
կեղել,{{hy-conj-ել|կեղ|mp=on}}
կեղեքել,{{hy-conj-ել|կեղեք|mp=on}}
տանջել,{{hy-conj-ել|տանջ|mp=on}}
ործկալ,{{hy-conj-ալ|ործկ}}
փսխել,{{hy-conj-ել|փսխ|caus=on}}
խառնել,{{hy-conj-ել|խառն|mp=on}}
գողանալ,{{hy-conj-ալ|գողան||գողաց|caus=on}}
ընդունել,{{hy-conj-ել|mp=on}}
աղերսել,{{hy-conj-ել|աղերս}}
հարգել,{{hy-conj-ել|հարգ|mp=on}}
գտնել,{{hy-conj-ել|գտն||գտ|mp=on}}
ծնել,{{hy-conj-ել|ծն|mp=on}}
ծնվել,{{hy-conj-ել|ծնվ}}
ծանուցել,{{hy-conj-el|ծանուց}}
ճանաչել,{{hy-conj-ել|ճանաչ}}
ծամել,{{hy-conj-ել|ծամ|mp=on|caus=on}}
ձուլել,{{hy-conj-ել|ձուլ|mp=on}}
գարշել,{{hy-conj-el|գարշ}}
քրտնել,{{hy-conj-ել|քրտն|caus=on}}
հանգչել,{{hy-conj-ել|հանգչ|caus=on}}{{hy-conj-ել|հանգչ||հանգ||caus=on}}
կոճկել,{{hy-conj-el|կոճկ}}
կերակրել,{{hy-conj-ել|կերակր|mp=on}}
թքել,{{hy-conj-ել|թք}}
փչել,{{hy-conj-ել|mp=on}}
շնչել,{{hy-conj-ել|mp=on}}
ծիծաղել,{{hy-conj-ել|ծիծաղ|caus=on}}
զգալ,{{hy-conj-ալ|զգ|caus=on}}
վախենալ,{{hy-conj-ալ|||վախեց}}
մեռնել,{{hy-conj-ել|մեռն||մեռ|caus=on}}
մահանալ,{{hy-conj-ալ|մահան||մահաց|caus=on}}
խփել,{{hy-conj-ել|խփ|mp=on}}{{hy-conj-ել|խփ|mp=on}}
հարվածել,{{hy-conj-el|հարված}}
բաժանել,{{hy-conj-el|բաժան|mp=on}}
խոցել,{{hy-conj-el|խոց}}
քորել,{{hy-conj-ել|քոր|mp=on}}
փորել,{{hy-conj-ել|փոր|mp=on}}
լողալ,{{hy-conj-ալ|լող|caus=on}}
լողանալ,{{hy-conj-ալ|լողան||լողաց|caus=on}}
խաբել,{{hy-conj-ել|խաբ|mp=on}}
ստել,{{hy-conj-el|ստ}}
նստել,{{hy-conj-el|նստ}}
շրջվել,{{hy-conj-el|շրջվ}}
ընկնել,{{hy-conj-ել|ընկն||ընկ}}
բռնել,{{hy-conj-el|բռն}}
սեղմել,{{hy-conj-el|սեղմ}}
ծեծել,{{hy-conj-ել|mp=on}}
ջնջել,{{hy-conj-ել|mp=on}}
մաքրել,{{hy-conj-el|մաքր}}
շփել,{{hy-conj-el|շփ}}
լվանալ,"{{hy-conj-ալ|լվան||լվաց|imp1=[[լվա՛]]|prohib1=[[մի՛]] [[լվա]]|aor=լվաց|caus=on|note=note the irregularity in aorist, which is conjugated with the help of corresponding forms of {{m|hy|լվալ|}}"
լվացվել,{{hy-conj-el|լվացվ}}
սրբել,{{hy-conj-el|սրբ}}
ձգել,{{hy-conj-el|ձգ}}
քաշել,{{hy-conj-ել|քաշ|mp=on}}
հրել,{{hy-conj-ել|հր|mp=on}}
նետել,{{hy-conj-ել|նետ|mp=on}}
կապել,{{hy-conj-ել|mp=on}}
կարել,{{hy-conj-ել|կար}}
ուռել,{{hy-conj-ել|ուռ|caus=on}}
սառչել,{{hy-conj-ել|սառչ}}
վառել,{{hy-conj-ել|վառ|mp=on}}
այրել,{{hy-conj-ել|այր}}
կրակել,{{hy-conj-el|կրակ}}
վառվել,{{hy-conj-el|վառվ}}
այրվել,{{hy-conj-el|այրվ}}
փտել,{{hy-conj-ել|փտ|caus=on}}
նեխել,{{hy-conj-el|նեխ}}
չորացնել,{{hy-conj-el|չորացն}}
չորանալ,{{hy-conj-ալ|չորան||չորաց|caus=on}}
քերծել,{{hy-conj-ել|քերծ|mp=on}}
դավաճանել,{{hy-conj-ել|դավաճան}}
քունել,{{hy-conj-ել|քուն|mp=on}}
գովել,{{hy-conj-el|գով}}
զանգել,{{hy-conj-ել|զանգ|mp=on}}
զանգահարել,{{hy-conj-el|զանգահար|mp=on}}
այցելել,{{hy-conj-el|այցել}}
անվանել,{{hy-conj-el|անվան}}
սանձել,{{hy-conj-el|սանձ}}
արձակել,{{hy-conj-ել|արձակ|mp=pn}}
արյունահոսել,{{hy-conj-el|արյունահոս}}
արձագանքել,{{hy-conj-el|արձագանք}}
հագնել,{{hy-conj-ել|հագն||հագ|mp=on|caus=on}}
հագնվել,{{hy-conj-el|հագնվ}}
ներկել,{{hy-conj-ել|ներկ|mp=on}}
որոճալ,{{hy-conj-ալ|որոճ}}
որոճել,{{hy-conj-ել|որոճ|caus=on}}
ապստամբել,{{hy-conj-ել|ապստամբ|caus=on}}
քավել,{{hy-conj-ել|քավ}}
շինել,{{hy-conj-ել|mp=on}}
թարթել,{{hy-conj-ել|թարթ}}
սանրել,{{hy-conj-ել|սանր|mp=on}}
սանրվել,{{hy-conj-el|սանրվ}}
քամել,{{hy-conj-ել|քամ|mp=on}}
օծել,{{hy-conj-ել|օծ|mp=on}}
որբանալ,{{hy-conj-ալ|որբան||որբաց|caus=on}}
լուծել,{{hy-conj-ել|լուծ|mp=on}}
անձրեւել,{{hy-conj-el|անձրև}}
պահպանել,{{hy-conj-ել|պահպան}}
մտցնել,{{hy-conj-ցն-ել|մտ}}
կերցնել,{{hy-conj-ցն-ել|կեր}}
խոսալ,{{hy-conj-ալ|խոս|caus=on}}
համբուրվել,{{hy-conj-ել|համբուրվ}}
չափել,{{hy-conj-ել|չափ|mp=on}}
միանալ,{{hy-conj-ալ|միան||միաց|caus=on}}
միացնել,{{hy-conj-ցն-ել}}
մոտենալ,{{hy-conj-ալ|մոտեն||մոտեց}}
կիսել,{{hy-conj-el|կիս|mp=on}}
կտակել,{{hy-conj-ել|կտակ}}
փոխանակել,{{hy-conj-ել|փոխանակ|mp=on}}
բղավել,{{hy-conj-ել|բղավ}}
հավելել,{{hy-conj-ել|հավել}}
կթել,{{hy-conj-ել|կթ|mp=on}}
ըլնել,{{hy-conj-el|ըլն||էղ}}
սիկտիրվել,{{hy-conj-el|սիկտիրվ}}
ցավել,{{hy-conj-ել|caus=on}}
ցավալ,{{hy-conj-ալ|ցավ|caus=on}}
վիճել,{{hy-conj-ել|վիճ}}
ստիպել,{{hy-conj-el|ստիպ|mp=on}}
սիրվել,{{hy-conj-ել|սիրվ}}
թլփատել,{{hy-conj-ել|թլփատ|mp=on}}
պաչել,{{hy-conj-ել|mp=on}}
կարողանալ,{{hy-conj-ալ|կարողան||կարողաց|caus=on}}
թափել,{{hy-conj-ել|թափ|mp=on}}
կակազել,{{hy-conj-ել|կակազ}}
խնչել,{{hy-conj-ել|խնչ|caus=on}}
կորչել,{{hy-conj-ել|կորչ||կոր|caus=on}}
կորցնել,{{hy-conj-ցն-ել|կոր}}
արդուկել,{{hy-conj-ել|արդուկ|mp=on}}
հարթուկել,{{hy-conj-ել|հարթուկ|mp=on}}
սկսել,{{hy-conj-ել|սկս|mp=on}}
ածել,{{hy-conj-ել|ած|caus=on|mp=on}}
երդվել,{{hy-conj-ել|երդվ}}
հայհոյել,{{hy-conj-ել|հայհոյ}}
եփել,{{hy-conj-ել|եփ|mp=on}}
գցել,{{hy-conj-ել|գց|mp=on}}
զբաղվել,{{hy-conj-ել|զբաղվ}}
համակարգել,{{hy-conj-ել|համակարգ|mp=on}}
սրել,{{hy-conj-ել|սր|mp=on}}
սաղանալ,{{hy-conj-ալ|սաղան||սաղաց|caus=on}}
սաղացնել,{{hy-conj-ցն-ել|սաղա}}
նախաճաշել,{{hy-conj-ել|նախաճաշ}}
ամուսնանալ,{{hy-conj-ալ|ամուսնան||ամուսնաց|caus=on}}
ամուսնացնել,{{hy-conj-ցն-ել|ամուսնա}}
բանտարկել,{{hy-conj-ել|բանտարկ|mp=on}}
երթալ,"{{hy-conj-ալ|երթ||գնաց|imp1=[[երթա՛]]|prohib1=[[մի՛]] [[երթա]]|aor=գնաց|note=this is a [[suppletion|suppletive]] verb, which means part of the conjugation is filled by forms of another verb, namely by {{m|hy|գնալ}}}}"
էթալ,"{{hy-conj-ալ|էթ||գնաց|imp1=[[էթա՛]]|prohib1=[[մի՛]] [[էթա]]|aor=գնաց|note=this is a [[suppletion|suppletive]] verb, which means the part of the conjugation is filled by forms of another verb, namely by {{m|hy|գնալ|}}}}"
խորխել,{{hy-conj-ել|խորխ}}
զոդել,{{hy-conj-ել|զոդ|mp=on}}
սազել,{{hy-conj-ել|սազ|caus=on}}
սազալ,{{hy-conj-ալ|սազ|caus=on}}
ընթերցել,{{hy-conj-ել|ընթերց|mp=on}}
բանել,{{hy-conj-ել|բան|caus=on}}
քելել,"{{hy-conj-ել|քել|imp1=[[քե՛լ]], [[քելե՛]]|prohib1=[[մի՛]] [[քել]], [[մի՛]] [[քելե]]|note=note the irregular imperatives}}"
ծառայել,{{hy-conj-ել|ծառայ|caus=on}}
գրադարձել,{{hy-conj-ել|գրադարձ|mp=on}}
տառադարձել,{{hy-conj-ել|տառադարձ|mp=on}}
մրցել,{{hy-conj-ել}}
թողնել,"{{hy-conj-ել|թողն||թող|imp1=[[թո՛ղ]]|prohib1=[[մի՛]] [[թող]]|aor=թողեց|note=note the irregularity in the aorist which is conjugated as if this verb were not suffixed; for difference, compare the conjugation of another suffixed verb: {{m|hy|մտնել}}"
բառնալ,{{hy-conj-ալ|բառն||բարձ|aor=բարձեց|note=note how the aorist stem changes to {{m|hy||բարձ-}}; see etymology of Old Armenian {{m|xcl|բառնամ}} for explanation}}
էղնել,{{hy-conj-ել|էղն||էղ}}
կենալ,"{{hy-conj-ալ|կեն||կաց|imp1=[[կա՛ց]], [[կացի՛ր]], [[կացի՛]]*|prohib1=[[մի՛]] [[կաց]], [[մի՛]] [[կացիր]], [[մի՛]] [[կացի]]*|caus=on|note=note how the aorist changes to {{m|hy|կաց-}}{{hy-conj-ալ|կեն||կեց|imp1=[[կա՛ց]], [[կացի՛ր]], [[կացի՛]]*|prohib1=[[մի՛]] [[կաց]], [[մի՛]] [[կացիր]], [[մի՛]] [[կացի]]*|caus=on|note=note how the aorist changes to {{m|hy|կեց-}}"
ելնել,"{{hy-conj-ել|ելն||ել|imp1=[[ե՛լ]], [[ելի՛ր]], [[ելի՛]]*|prohib1=[[մի՛]] [[ել]], [[մի՛]] [[ելիր]], [[մի՛]] [[ելի]]*|note=*note the irregular imperative {{m|hy|ե՛լ}}}}"
հելնել,{{hy-conj-ել|հելն||հել||[[հել|հե՛լ]]/[[հելիր|հելի՛ր]]|caus=on}}
երկկտտացնել,{{hy-conj-ցն-ել|երկկտտա}}
տռել,{{hy-conj-ել|տռ}}
շռել,{{hy-conj-ել|շռ}}
մոռանալ,{{hy-conj-ալ|մոռան||մոռաց|mp=on|caus=on}}
կաշառել,{{hy-conj-ել|mp=on}}
նեղանալ,{{hy-conj-ալ|նեղան||նեղաց|caus=on}}
վաճառել,{{hy-conj-ել|mp=on}}
սրճել,{{hy-conj-ել|սրճ}}
կոտրել,{{hy-conj-ել|կոտր|mp=on}}
փչանալ,{{hy-conj-ալ|փչան||փչաց}}
զարթնել,{{hy-conj-ել|caus=on}}
արթնանալ,{{hy-conj-ալ|արթնան||արթնաց|caus=on}}
մնալ,{{hy-conj-ալ|մն}}
կրկնել,{{hy-conj-ել|կրկն|mp=on}}
կպչել,{{hy-conj-ել|կպչ||կպ}}
քաքել,{{hy-conj-ել|քաք}}
դարսել,{{hy-conj-ել|դարս|mp=on}}
զարդարել,{{hy-conj-ել|զարդար}}
ճաքել,{{hy-conj-ել|ճաք|caus=on}}
կիտել,{{hy-conj-ել|կիտ|mp=on}}
քցել,"{{hy-conj-ել|քց|mp=on|imp1=[[քցիր|քցի՛ր]], [[քցի]]՛*, [[քից|քի՛ց]]*|imp1tr=kʿcʿir! kʿcʿi!* kʿicʿ!*|note=note the kinky imperative {{m|hy|քից}}}}"
պակասել,{{hy-conj-ել|պակաս|caus=on}}
փայլել,{{hy-conj-ել|փայլ|caus=on}}
զբոսնել,{{hy-conj-ել}}
արկանել,{{hy-conj-ել|արկան|mp=on}}
բազմել,{{hy-conj-ել|բազմ|caus=on}}
հայել,{{hy-conj-ել|հայ}}
երկնչել,{{hy-conj-ել|երկնչ}}
թաքչել,{{hy-conj-ել|թաքչ}}
առաքել,{{hy-conj-ել|առաք|mp=on}}
մարթել,{{hy-conj-ել|մարթ}}
մերձենալ,{{hy-conj-ալ|մերձեն||մերձեց|caus=on}}
համբերել,{{hy-conj-ել|համբեր}}
անկանել,{{hy-conj-ել|անկան}}
ընգնել,{{hy-conj-ել|ընգն||ընգ}}
արկել,{{hy-conj-ել|արկ|mp=on}}
ուսանել,{{hy-conj-ել}}
մեծանալ,{{hy-conj-ալ|մեծան||մեծաց|caus=on}}
հագել,{{hy-conj-ել|հագ|caus=on}}
հագենալ,{{hy-conj-ալ|հագեն||հագեց|caus=on}}
համել,{{hy-conj-ել|համ}}
համենալ,{{hy-conj-ալ|||համեց}}
բանալ,{{hy-conj-ալ|բան|note=The forms of indicative present and imperfect mentioned above are rarely used to avoid confusion with identical forms of {{m|hy|բանել||to work}}. Instead {{m|hy|բացել}} or {{m|hy|բաց անել}} are used.}}
մածվել,{{hy-conj-ել|մածվ}}
կառչել,{{hy-conj-ել|կառչ}}
հանգել,{{hy-conj-ել|հանգ|caus=on}}
մատչել,{{hy-conj-ել|մատչ}}
փախնել,{{hy-conj-ել|փախն||փախ|caus=on}}
կորնչել,{{hy-conj-ել|կորնչ}}
կորել,{{hy-conj-ել|կոր}}
կործանել,{{hy-conj-ել|կործան|mp=on}}
կործել,{{hy-conj-ել|կործ|mp=on}}
ամաչել,{{hy-conj-ել|ամաչ|caus=on}}
անիծել,{{hy-conj-ել|անիծ|mp=on}}
անջատել,{{hy-conj-ել|mp=on}}
արածել,{{hy-conj-ել|արած|caus=on}}
զատել,{{hy-conj-ել|զատ|mp=on}}
զեղծել,{{hy-conj-ել|զեղծ|mp=on}}
լքել,{{hy-conj-ել|լք|mp=on}}
սուզել,{{hy-conj-ել|սուզ|mp=on}}
տարածել,{{hy-conj-ել|տարած|mp=on}}
ծածանել,{{hy-conj-ել|ծածան|mp=on}}
սասանել,{{hy-conj-ել|սասան|mp=on}}
փոխել,{{hy-conj-ել|փոխ|mp=on}}
խափանել,{{hy-conj-ել|խափան|mp=on}}
կամենալ,{{hy-conj-ալ|կամեն||կամեց}}
գոհանալ,{{hy-conj-ալ|գոհան||գոհաց|caus=on}}
թուլանալ,{{hy-conj-ալ|թուլան||թուլաց|caus=on}}
հեռանալ,{{hy-conj-ալ|հեռան||հեռաց|caus=on}}
մերկանալ,{{hy-conj-ալ|մերկան||մերկաց|caus=on}}
սլանալ,{{hy-conj-ալ|սլան||սլաց}}
բարձրանալ,{{hy-conj-ալ|բարձրան||բարձրաց|caus=on}}
բաղձալ,{{hy-conj-ալ|բաղձ}}
զղջալ,{{hy-conj-ալ|զղջ}}
ըղձալ,{{hy-conj-ալ|ըղձ}}
խրոխտալ,{{hy-conj-ալ|խրոխտ}}
ծուլանալ,{{hy-conj-ալ|ծուլան||ծուլաց|caus=on}}
մուրալ,{{hy-conj-ալ}}
ոխանալ,{{hy-conj-ալ|ոխան||ոխաց}}
տաղտկանալ,{{hy-conj-ալ|տաղտկան||տաղտկաց}}
տենչալ,{{hy-conj-ալ|տենչ}}
կլանել,{{hy-conj-ել|կլան|mp=on}}
սորալ,{{hy-conj-ալ|սոր}}
սորել,{{hy-conj-ել|սոր}}
խածատել,{{hy-conj-ել|խածատ|mp=on}}
խանձատել,{{hy-conj-ել|խանձատ|mp=on}}
խոցոտել,{{hy-conj-ել|խոցոտ|mp=on}}
ճեմել,{{hy-conj-ել|ճեմ}}
շիկնել,{{hy-conj-ել|շիկն}}
պայթել,{{hy-conj-ել|caus=on}}
վախել,{{hy-conj-ել|վախ|caus=on}}
արգելել,{{hy-conj-ել|mp=on}}
զենել,{{hy-conj-ել|զեն|mp=on}}
կիզել,{{hy-conj-ել|կիզ|mp=on}}
գերծել,{{hy-conj-ել|գերծ|mp=on}}
ստեղծել,{{hy-conj-ել|ստեղծ|mp=on}}
եղծանել,{{hy-conj-ել|եղծան|mp=on}}
եղծել,{{hy-conj-ել|եղծ|mp=on}}
ընդոստել,{{hy-conj-ել|ընդոստ|mp=on}}
ուռչել,{{hy-conj-ել|ուռչ|caus=on}}
սառել,{{hy-conj-ել|սառ|caus=on}}
երկայնել,{{hy-conj-ել|երկայն|mp=on}}
երկայնանալ,{{hy-conj-ալ|երկայնան||երկայնաց|caus=on}}
մեղկանալ,{{hy-conj-ալ|մեղկան||մեղկաց|caus=on}}
գուշակել,{{hy-conj-ել|գուշակ}}
փողոտել,{{hy-conj-ել|փողոտ|mp=on}}
գթալ,{{hy-conj-ալ|գթ}}
փութալ,{{hy-conj-ալ|փութ|caus=on}}
խիթալ,{{hy-conj-ալ|խիթ}}
դողալ,{{hy-conj-ալ|դող|caus=on}}
եռալ,{{hy-conj-ալ|եռ|caus=on}}
զեռալ,{{hy-conj-ալ|զեռ}}
խեթալ,{{hy-conj-ալ|խեթ}}
խոկալ,{{hy-conj-ալ|խոկ}}
հոգալ,{{hy-conj-ալ|հոգ}}
շողալ,{{hy-conj-ալ|շող}}
ողբալ,{{hy-conj-ալ|ողբ}}
ոռնալ,{{hy-conj-ալ|ոռն}}
ջանալ,{{hy-conj-ալ|ջան}}
սգալ,{{hy-conj-ալ|սգ}}
սիգալ,{{hy-conj-ալ|սիգ}}
ցնծալ,{{hy-conj-ալ|ցնծ}}
իջնել,"{{hy-conj-ել|իջն||իջ|caus=on|causative=[[իջացնել]]*, [[իջեցնել]]}}"
հարկանել,{{hy-conj-ել|հարկան|mp=on}}
ցուցանել,{{hy-conj-ել|mp=on}}
անցնել,{{hy-conj-ել|անցն||անց}}
հաճել,{{hy-conj-ել|հաճ}}
ողորմել,{{hy-conj-ել|ողորմ}}
ընթանալ,{{hy-conj-ալ|ընթան||ընթաց|caus=on}}
շիջուցանել,{{hy-conj-ել|շիջուցան}}
ուսուցանել,{{hy-conj-ել|ուսուցան}}
ստամբակել,{{hy-conj-ել|ստամբակ}}
մեղանչել,{{hy-conj-ել|մեղանչ}}
բեկտել,{{hy-conj-ել|բեկտ|mp=on}}
երգիծել,{{hy-conj-ել|երգիծ|mp=on}}
երեւալ,{{hy-conj-ալ|երև}}
հերքել,{{hy-conj-ել|հերք|mp=on}}
զարմացնել,{{hy-conj-ցն-ել|զարմա}}
զգածվել,{{hy-conj-ել|զգածվ}}
զգենալ,{{hy-conj-ալ|զգեն||զգեց|caus=on}}
պեղել,{{hy-conj-ել|պեղ|mp=on}}
ընդոստնել,{{hy-conj-ել|ընդոստն|mp=on}}
ընթեռնել,{{hy-conj-ել|ընթեռն|mp=on}}
թաքցնել,{{hy-conj-ցն-ել}}
թաքնվել,{{hy-conj-ել|թաքնվ}}
լոգանալ,{{hy-conj-ալ|լոգան||լոգաց}}
լուցել,{{hy-conj-ել|լուց|mp=on}}
խանդել,{{hy-conj-ել|խանդ}}
խեթել,{{hy-conj-ել|խեթ}}{{hy-conj-ել|խեթ}}
խրտնել,{{hy-conj-ել|խրտն|caus=on}}
տժվժալ,{{hy-conj-ալ|տժվժ|caus=on}}
կալնել,{{hy-conj-ել|կալն||կալ|mp=on}}
կալել,{{hy-conj-ել|կալ|mp=on}}
հյուծել,{{hy-conj-ել|հյուծ|mp=on}}
կարենալ,{{hy-conj-ալ|կարեն||կարեց}}
բարձրաձայնել,{{hy-conj-ել|բարձրաձայն|mp=on}}
հասցնել,{{hy-conj-ցն-ել|հաս}}
հարել,{{hy-conj-ել|հար|mp=on}}
հեծնել,{{hy-conj-ել|հեծ||հեծ|mp=on}}
հեղել,{{hy-conj-ել|հեղ|mp=on}}
հեղուսել,{{hy-conj-ել|հեղուս|mp=on}}
հեռացնել,{{hy-conj-ցն-ել|հեռա}}
հյուսել,{{hy-conj-ել|հյուս|mp=on}}
մատուցել,{{hy-conj-ել|մատուց|mp=on}}
մոլորվել,{{hy-conj-ել|մոլորվ}}
համառել,{{hy-conj-ել|համառ}}
հարնչել,{{hy-conj-ել|հարնչ}}
հենել,{{hy-conj-ել|mp=on}}
հեռել,{{hy-conj-ել|հեռ|mp=on}}
հոխորտալ,{{hy-conj-ալ|հոխորտ}}
հորդել,{{hy-conj-ել|հորդ}}
շաչել,{{hy-conj-ել|շաչ}}
շիջել,{{hy-conj-ել|շիջ}}
մտաբերել,{{hy-conj-ել|մտաբեր}}
ոստնել,{{hy-conj-ել|ոստն}}
պանծալ,{{hy-conj-ալ|պանծ}}
ջեռուցել,{{hy-conj-ել|ջեռուց|mp=on}}
սխալվել,{{hy-conj-ել|սխալվ}}
սպրդել,{{hy-conj-ել|սպրդ}}
ցտել,{{hy-conj-ել|ցտ}}
քաղցել,{{hy-conj-ել|քաղց}}
խմբագրել,{{hy-conj-ել|խմբագր|mp=on}}
ընտրվել,{{hy-conj-ել|ընտրվ}}
ահագնանալ,{{hy-conj-ալ|ահագնան||ահագնաց|caus=on}}
օգնել,{{hy-conj-ել|mp=on}}
չվել,{{hy-conj-ել|չվ}}
ընտրել,{{hy-conj-ել|mp=on}}
գոհացնել,{{hy-conj-ցն-ել|գոհա}}
քարշել,{{hy-conj-ել|քարշ|mp=on}}
քարոզել,{{hy-conj-ել|քարոզ|mp=on}}
քծնել,{{hy-conj-ել|քծն|mp=on}}
քննադատել,{{hy-conj-ել|քննադատ|mp=on}}
քննարկել,{{hy-conj-ել|քննարկ|mp=on}}
քոչել,{{hy-conj-ել|քոչ|caus=on}}
փլել,{{hy-conj-ել|փլ|mp=on}}
փոխարինել,{{hy-conj-ել|փոխարին|mp=on}}
ապաշխարել,{{hy-conj-ել|ապաշխար}}
արհամարհել,{{hy-conj-ել|արհամարհ|mp=on}}
հեղեղել,{{hy-conj-ել|հեղեղ|mp=on}}
գիշատել,{{hy-conj-ել|գիշատ|mp=on}}
նազել,{{hy-conj-ել|նազ}}
պաշտել,{{hy-conj-ել|պաշտ|mp=on}}
հալածել,{{hy-conj-ել|հալած|mp=on}}
բացականչել,{{hy-conj-ել|բացականչ}}
կարմրանալ,{{hy-conj-ալ|կարմրան||կարմրաց|caus=on}}
կարմրել,{{hy-conj-ել|կարմր|caus=on}}
Template:hy-conj-ել/documentation,{{hy-conj-ել|||փախ}}{{hy-conj-ել|||հագ}}{{hy-conj-ել|||||բեր}}{{hy-conj-ել|mp=on}}{{hy-conj-ել|||մտ|caus=on}}
Template:hy-conj-ալ/documentation,{{hy-conj-ալ|||վախեց}}
տարբերել,{{hy-conj-ել|տարբեր|mp=on}}
տեղեկանալ,{{hy-conj-ալ|տեղեկան||տեղեկաց|caus=on}}
տենալ,{{hy-conj-ալ|տեն||տես}}
տեսնալ,{{hy-conj-ալ|տեսն||տես}}
տեւել,{{hy-conj-ել|տեւ}}
ուղեկցել,{{hy-conj-ել|ուղեկց|mp=on}}
տնքալ,{{hy-conj-ալ|տնք|caus=on}}
տպել,{{hy-conj-ել|տպ|mp=on}}
տրամադրել,{{hy-conj-ել|տրամադր|mp=on}}
միզել,{{hy-conj-ել|միզ}}
գոչել,{{hy-conj-ել|գոչ}}
հպարտանալ,{{hy-conj-ալ|հպարտան||հպարտաց}}
կնքել,{{hy-conj-ել|կնք|mp=on}}
խարխալել,{{hy-conj-ել|խարխալ|mp=on}}
խարխլել,{{hy-conj-ել|խարխլ|mp=on}}
ագուցել,{{hy-conj-ել|ագուց|mp=on}}
ագուցանել,{{hy-conj-ել|ագուցան|mp=on}}
ազազել,{{hy-conj-ել}}{{hy-conj-ել}}
ազազանալ,{{hy-conj-ալ|||ազազաց|mp=on}}
համոզել,{{hy-conj-ել|համոզ|mp=on}}
լռել,{{hy-conj-ել|լռ|caus=on}}
քանդել,{{hy-conj-ել|քանդ|mp=on}}
ածանցել,{{hy-conj-ել|ածանց|mp=on}}
եպերել,{{hy-conj-ել|եպեր|mp=on}}
լուտալ,{{hy-conj-ալ|լուտ}}
մեծարել,{{hy-conj-ել|մեծար|mp=on}}
կենդանանալ,{{hy-conj-ալ|կենդանան||կենդանաց|caus=on}}
ճաշել,{{hy-conj-ել|ճաշ}}
նախատել,{{hy-conj-ել|նախատ|mp=on}}
հեգել,{{hy-conj-ել|հեգ}}
սրտառել,{{hy-conj-ել|սրտառ}}
դրվատել,{{hy-conj-ել|դրվատ|mp=on}}
թրմել,{{hy-conj-ել|թրմ|mp=on}}
թրել,{{hy-conj-ել|mp=on}}
հարբենալ,{{hy-conj-ալ|հարբեն||հարբեց|caus=on}}
արբել,{{hy-conj-ել|արբ|caus=on}}
աղարտել,{{hy-conj-ել|աղարտ|mp=on}}
աղատել,{{hy-conj-ել|աղատ}}
լքնել,{{hy-conj-ել|լքն}}
առոգել,{{hy-conj-ել|առոգ}}{{hy-conj-ել|առոգ|mp=on}}
առոգանել,{{hy-conj-ել|առոգան|mp=on}}
ոգել,{{hy-conj-ել|mp=on}}
ոռոգել,{{hy-conj-ել|mp=on}}
արգահատել,{{hy-conj-ել|արգահատ|mp=on}}
արմանալ,{{hy-conj-ալ|արման||արմաց|caus=on}}
ընդարմանալ,{{hy-conj-ալ|ընդարման||ընդարմաց|caus=on}}
պապանձել,{{hy-conj-ել|պապանձ|caus=on}}{{hy-conj-ել|պապանձ|mp=on}}
պապանձվել,{{hy-conj-ել|պապանձվ}}
պապանձեցնել,{{hy-conj-ցն-ել|պապանձե}}
օթել,{{hy-conj-ել|օթ}}
գնչել,{{hy-conj-ել|գնչ}}
բախել,{{hy-conj-ել|բախ|mp=on|caus=on}}
բաղխել,{{hy-conj-ել|բաղխ|mp=on|caus=on}}
բարբաջել,{{hy-conj-ել|բարբաջ}}
բարբանջել,{{hy-conj-ել|բարբանջ}}
բաղբանջել,{{hy-conj-ել|բարբանջ}}
բաղբաջել,{{hy-conj-ել|բաղբաջ}}
բամբասել,{{hy-conj-ել|բամբաս|mp=on}}
բաջաղել,{{hy-conj-ել|բաջաղ}}
բարբառել,{{hy-conj-ել|բարբառ}}
բեկանել,{{hy-conj-ել|բեկան|mp=on}}
բեկել,{{hy-conj-ել|բեկ|mp=on}}
բզզալ,{{hy-conj-ալ|բզզ}}
բլբլալ,{{hy-conj-ալ|բլբլ|caus=on}}
բողոքել,{{hy-conj-ել|բողոք}}
բուծել,{{hy-conj-ել|բուծ|mp=on}}
բուծանել,{{hy-conj-ել|բուծան|mp=on}}
բտել,{{hy-conj-ել|բտ|mp=on}}
բուսանել,{{hy-conj-ել|բուսան}}
բորբոքել,{{hy-conj-ել|բորբոք|mp=on}}
գելել,{{hy-conj-ել|գել|mp=on}}
գեղգեղել,{{hy-conj-ել|գեղգեղ}}
գլել,{{hy-conj-ել|գլ|mp=on}}
գլորել,{{hy-conj-ել|գլոր|mp=on|caus=on}}
գայթակղել,{{hy-conj-ել|գայթակղ|mp=on}}
գլդորել,{{hy-conj-ել|գլդոր|mp=on|caus=on}}
գլտորել,{{hy-conj-ել|գլտոր|mp=on|caus=on}}
գոգել,{{hy-conj-ել|գոգ|mp=on}}
գոլանալ,{{hy-conj-ալ|գոլան||գոլաց|caus=on}}
վանել,{{hy-conj-ել|վան|mp=on}}
դարբնել,{{hy-conj-ել|դարբն|mp=on}}
ընդելուզել,{{hy-conj-ել|ընդելուզ|mp=on}}
զետեղել,{{hy-conj-ել|զետեղ|mp=on}}
զառանցել,{{hy-conj-ել|զառանց}}
զտել,{{hy-conj-ել|զտ|mp=on}}
հղփանալ,{{hy-conj-ալ|հղփան||հղփաց|caus=on}}
թոռոմել,{{hy-conj-ել|թոռոմ|caus=on}}
թորշոմել,{{hy-conj-ել|թորշոմ|caus=on}}
թրծել,{{hy-conj-ել|թրծ|mp=on}}
լարել,{{hy-conj-ել|լար|mp=on}}
լիանալ,{{hy-conj-ալ|լիան||լիաց|caus=on}}
լրջանալ,{{hy-conj-ալ|լրջան||լրջաց|caus=on}}
լրթանալ,{{hy-conj-ալ|լրթան||լրթաց|caus=on}}
խածանել,{{hy-conj-ել|խածան|mp=on}}
խածնել,{{hy-conj-ել|խածն|mp=on}}
խածել,{{hy-conj-ել|խած|mp=on}}
խազել,{{hy-conj-ել|խազ|mp=on}}
խայթել,{{hy-conj-ել|խայթ|mp=on}}
խթել,{{hy-conj-ել|խթ|mp=on}}
խոթել,{{hy-conj-ել|խոթ|mp=on}}
խանձել,{{hy-conj-ել|խանձ|mp=on}}
խթանել,{{hy-conj-ել|խթան|mp=on}}
ծաղրել,{{hy-conj-ել|ծաղր|mp=on}}
ծլել,{{hy-conj-ել|ծլ}}
կայանալ,{{hy-conj-ալ|կայան||կայաց|caus=on}}
կաղկանձել,{{hy-conj-ել|կաղկանձ}}
կռանալ,{{hy-conj-ալ|կռան||կռաց||caus=on|}}
տաշել,{{hy-conj-ել|տաշ|mp=on}}
կլրտել,{{hy-conj-ել|կլրտ}}
կճել,{{hy-conj-ել|կճ}}
կթոտել,{{hy-conj-ել|կթոտ}}
կցել,{{hy-conj-ել|կց|mp=on}}
կոշկոճել,{{hy-conj-ել|կոշկոճ|mp=on}}
կոչել,{{hy-conj-ել|կոչ|mp=on}}
կռթնել,{{hy-conj-ել|կռթն|caus=on}}
կռկռալ,{{hy-conj-ալ|կռկռ|caus=on}}
կռնչել,{{hy-conj-ել|կռնչ|caus=on}}
կռնչալ,{{hy-conj-ալ|կռնչ|caus=on}}
կտղել,{{hy-conj-ել|կտղ}}
ընկղմել,{{hy-conj-ել|ընկղմ|mp=on}}
հայթայթել,{{hy-conj-ել|հայթայթ|mp=on}}
հայցել,{{hy-conj-ել|հայց|mp=on}}
հաստել,{{hy-conj-ել|mp=on}}
հատնել,{{hy-conj-ել|հատն||հատ}}
հատել,{{hy-conj-ել|mp=on}}
էտել,{{hy-conj-ել|էտ|mp=on}}
հափափել,{{hy-conj-ել|հափափ|mp=on}}
խեղդել,{{hy-conj-ել|խեղդ|mp=on}}
մղձկել,{{hy-conj-ել|մղձկ|mp=on}}
մղձկալ,{{hy-conj-ալ|մղձկ}}
զեղել,{{hy-conj-ել|զեղ|mp=on}}
ողողել,{{hy-conj-ել|ողող|mp=on}}
օղողել,{{hy-conj-ել|օղող|mp=on}}
հիանալ,{{hy-conj-ել|հիան||հիաց}}
հնանալ,{{hy-conj-ալ|հնան||հնաց|caus=on}}
ձաղել,{{hy-conj-ել|ձաղ|mp=on}}
ձաղկել,{{hy-conj-ել|ձաղկ|mp=on}}
ձաղտել,{{hy-conj-ել|ձաղտ|mp=on}}
կռահել,{{hy-conj-ել|կռահ|mp=on}}
ճմլել,{{hy-conj-ել|ճմլ|mp=on}}
վճարել,{{hy-conj-ել|վճար|mp=on}}
ճմռել,{{hy-conj-ել|ճմռ|mp=on}}
ճմռթել,{{hy-conj-ել|ճմռթ|mp=on}}
մալել,{{hy-conj-ել|մալ|mp=on}}
մաղել,{{hy-conj-ել|մաղ|mp=on}}
մայել,{{hy-conj-ել|մայ}}
բավարարել,{{hy-conj-ել|բավարար|mp=on}}
մգլել,{{hy-conj-ել|մգլ|caus=on}}{{hy-conj-ել|մգլ}}
մեկնել,{{hy-conj-ել|մեկն|mp=on}}
մոլել,{{hy-conj-ել|մոլ|caus=on}}
հոլանել,{{hy-conj-ել|հոլան|mp=on}}
հոլաթեւել,{{hy-conj-ել|հոլաթեւ}}
վճռել,{{hy-conj-ել|վճռ|mp=on}}
որոշել,{{hy-conj-ել|mp=on}}
հոտել,{{hy-conj-ել|հոտ}}
հիրել,{{hy-conj-ել|հիր|mp=on}}
ծնգցնել,{{hy-conj-ցն-ել|ծնգ}}
ծնգալ,{{hy-conj-ալ|ծնգ|caus=on}}
մռմռալ,{{hy-conj-ալ|մռմռ}}{{hy-conj-ալ|մռմռ|caus=on}}
մրմնջալ,{{hy-conj-ալ|մրմնջ}}
փնտրել,{{hy-conj-ել|փնտր|mp=on}}
քրթմնջալ,{{hy-conj-ալ|քրթմնջ}}
մնչել,{{hy-conj-ել|մնչ}}
մռել,{{hy-conj-ել|մռ}}
հատակել,{{hy-conj-ել|հատակ|mp=on}}
ներկայացնել,{{hy-conj-ցն-ել|ներկայա}}
հղանալ,{{hy-conj-ալ|հղան||հղաց|caus=on}}
հղիանալ,{{hy-conj-ալ|հղիան||հղիաց|caus=on}}
հղենալ,{{hy-conj-ալ|հղեն||հղեց|caus=on}}
հոգնել,{{hy-conj-ել|հոգն|caus=on}}
նքողել,{{hy-conj-ել|նքող}}
նիրհել,{{hy-conj-ել|նիրհ|caus=on}}
հողդողդել,{{hy-conj-ել|հողդողդ|mp=on}}
հորջորջել,{{hy-conj-ել|հորջորջ|mp=on}}
թոթովել,{{hy-conj-ել|թոթով}}
ուռթել,{{hy-conj-ել|ուռթ|mp=on}}
ուռթանալ,{{hy-conj-ալ|ուռթան||ուռթաց|caus=on}}
հուռթանալ,{{hy-conj-ալ|հուռթան||հուռթաց|caus=on}}
օրհնել,{{hy-conj-ել|օրհն|mp=on}}
պագանել,{{hy-conj-ել|պագան|mp=on}}
պագնել,{{hy-conj-ել|պագն||պագ|mp=on}}
պագել,{{hy-conj-ել|պագ|mp=on}}
ճվատել,{{hy-conj-ել|սիր}}
փրթել,{{hy-conj-ել|փրթ|mp=on}}
նավել,{{hy-conj-ել|նավ}}
սայթաքել,{{hy-conj-ել|սայթաք}}
թովել,{{hy-conj-ել|թով|mp=on}}
վերընթերցել,{{hy-conj-ել|վերընթերց|mp=on}}
թառել,{{hy-conj-ել|թառ|caus=on}}
գրառել,{{hy-conj-ել|գրառ|mp=on}}
բնութագրել,{{hy-conj-ել|բնութագր|mp=on}}
ընդգծել,{{hy-conj-ել|ընդգծ|mp=on}}
պարգեւել,{{hy-conj-ել|պարգեւ|mp=on}}
զառամել,{{hy-conj-ել|զառամ}}
զառամանալ,{{hy-conj-ալ|զառաման||զառամաց}}
սանձահարել,{{hy-conj-ել|սանձահար|mp=on}}
բդկել,{{hy-conj-ել|բդկ}}
խորհել,{{hy-conj-ել|խորհ}}
ճախրել,{{hy-conj-ել|ճախր}}
խնամել,{{hy-conj-ել|խնամ|mp=on}}
գուրգուրել,{{hy-conj-ել|գուրգուր|mp=on|caus=on}}
փայփայել,{{hy-conj-ել|փայփայ|mp=on}}
գուրգուրալ,{{hy-conj-ալ|գուրգուր|caus=on}}
ողջագուրել,{{hy-conj-ել|mp=on}}
գուրալ,{{hy-conj-ալ|գուր}}
փրփրել,{{hy-conj-ել|փրփր|caus=on}}
փրփրալ,{{hy-conj-ալ|փրփր|caus=on}}
վրդովել,{{hy-conj-ել|վրդով|caus=on|mp=on}}
հալել,{{hy-conj-ել|հալ|mp=on|caus=on}}
ենթարկել,{{hy-conj-ել|mp=on|caus=on}}
վրդովվել,{{hy-conj-ել|վրդովվ}}
մաքառել,{{hy-conj-ել|մաքառ}}
լկստվել,{{hy-conj-ել|լկստվ}}
հագչել,{{hy-conj-ել|հագչ}}{{hy-conj-ել|հագչ}}
ապշել,{{hy-conj-ել|ապշ|caus=on}}
գորովել,{{hy-conj-ել|գորով|mp=on}}
ուրախացնել,{{hy-conj-ցն-ել|ուրախա|mp=on}}
հառել,{{hy-conj-ել|հառ|mp=on}}
գոյանալ,{{hy-conj-ալ|գոյան||գոյաց|caus=on}}
կաշկանդել,{{hy-conj-ել|կաշկանդ|mp=on}}
փարվել,{{hy-conj-ել|փարվ|mp=on}}
վերծանել,{{hy-conj-ել|վերծան|mp=on}}
թվարկել,{{hy-conj-ել|թվարկ|mp=on}}
հիմնավորել,{{hy-conj-ել|հիմնավոր|mp=on}}
ճշգրտել,{{hy-conj-ել|ճշգրտ|mp=on}}
վխտալ,{{hy-conj-ալ|վխտ}}
սսկվել,{{hy-conj-ել|սսկվ}}
որոնել,{{hy-conj-ել|որոն|mp=on}}
զրուցել,{{hy-conj-ել|զրուց}}
մագլցել,{{hy-conj-ել|մագլց}}
փռթկացնել,{{hy-conj-ցն-ել|փռթկա}}
մատնել,{{hy-conj-ել|մատն|mp=on}}
մոլեգնել,{{hy-conj-ել|մոլեգն|caus=on}}
խոյանալ,{{hy-conj-ալ|խոյան||խոյաց|caus=on}}
ահաբեկվել,{{hy-conj-ել|ահաբեկվ}}
տեղափոխել,{{hy-conj-ել|տեղափոխ|mp=on}}
ձգտել,{{hy-conj-ել|ձգտ|mp=on}}
հածել,{{hy-conj-ել|հած|mp=on}}
ալարել,{{hy-conj-ել|ալար}}
աղճատել,{{hy-conj-ել|աղճատ|mp=on}}
քչքչալ,{{hy-conj-ալ|քչքչ}}
կարկաչել,{{hy-conj-ել|կարկաչ}}
դայլայլել,{{hy-conj-ել|դայլայլ|mp=on}}
կտցել,{{hy-conj-ել|կտց|mp=on}}
խոխոջալ,{{hy-conj-ալ|խոխոջ}}
խոխոջել,{{hy-conj-ել|խոխոջ}}
ներել,{{hy-conj-ել|ներ|mp=on}}
նվալ,{{hy-conj-ալ|նվ}}
կարօտել,{{hy-conj-ել-TAO|կարօտ|mp=on}}
սիրուել,{{hy-conj-ել-TAO|սիրու||||սիր}}
սիրւել,{{hy-conj-ել-TAO|սիրւ}}
մօտենալ,{{hy-conj-ալ-TAO|մօտեն||մօտեց|caus=on}}
խօսալ,{{hy-conj-ալ-TAO|խօս|caus=on}}
զավթել,{{hy-conj-ել|զավթ|mp=on}}
հրապուրել,{{hy-conj-ել|հրապուր|mp=on}}
աղաղակել,{{hy-conj-ել|աղաղակ}}
կքել,{{hy-conj-ել|կք|mp=on}}
տնօրինել,{{hy-conj-ել|տնօրին|mp=on}}
ներխուժել,{{hy-conj-ել|ներխուժ}}
տապալել,{{hy-conj-ել|տապալ|mp=on}}
շառաչել,{{hy-conj-ել|շառաչ}}
վերագրել,{{hy-conj-ել|վերագր|mp=on}}
զխկտել,{{hy-conj-ել|զխկտ|mp=on}}
խորհրդանշել,{{hy-conj-ել|խորհրդանշ|mp=on}}
սրամտել,{{hy-conj-ել|սրամտ}}
ստրկացնել,{{hy-conj-ցն-ել|ստրկա}}
հպատակվել,{{hy-conj-ել|հպատակվ}}
արտորալ,{{hy-conj-ալ|արտոր}}
շտապել,{{hy-conj-ել|շտապ|caus=on}}
ավանդել,{{hy-conj-ել|հառ|mp=on}}
հոշոտել,{{hy-conj-ել|հոշոտ|mp=on}}
արդարացնել,{{hy-conj-ցն-ել|արդարա}}
տրոհել,{{hy-conj-ել|տրոհ|mp=on}}
նպաստել,{{hy-conj-ել|նպաստ|mp=on}}
մղել,{{hy-conj-ել|մղ|mp=on}}
սթափվել,{{hy-conj-ել|սթափվ}}
կանխել,{{hy-conj-ել|կանխ|mp=on}}
արտագաղթել,{{hy-conj-ել|արտագաղթ|caus=on}}
շտկել,{{hy-conj-ել|շտկ|mp=on}}
ներգաղթել,{{hy-conj-ել|ներգաղթ|caus=on}}
հառնել,{{hy-conj-ել|հառն}}
օժանդակել,{{hy-conj-ել|օժանդակ|mp=on}}
վիճաբանել,{{hy-conj-ել|վիճաբան|mp=on}}
շշնջալ,{{hy-conj-ալ|շշնջ}}
հուսահատվել,{{hy-conj-ել|հուսահատվ}}
լծել,{{hy-conj-ել|լծ|mp=on}}
նվաղել,{{hy-conj-ել|նվաղ}}
սավառնել,{{hy-conj-ել|սավառն}}
բողբոջել,{{hy-conj-ել|բողբոջ}}
նախընտրել,{{hy-conj-ել|նախընտր|mp=on}}
սփռել,{{hy-conj-ել|սփռ|mp=on}}
տարակուսել,{{hy-conj-ել|տարակուս|caus=on}}
դարանակալել,{{hy-conj-ել|դարանակալ}}
հագեցնել,{{hy-conj-ցն-ել|հագե|mp=on}}
առկայծել,{{hy-conj-ել}}
կողոպտել,{{hy-conj-ել|կողոպտ|mp=on}}
վռնդել,{{hy-conj-ել|վռնդ|mp=on}}
աղտոտել,{{hy-conj-ել|աղտոտ|mp=on}}
կեղտոտել,{{hy-conj-ել|կեղտոտ|mp=on}}
արածեցնել,{{hy-conj-ցն-ել|արածե|mp=on}}
սփոփվել,{{hy-conj-ել|սփոփ}}
սփոփել,{{hy-conj-ել|սփոփ|mp=on}}
փոխհատուցել,{{hy-conj-ել|փոխհատուց|mp=on}}
հարկադրել,{{hy-conj-ել|հարկադր|mp=on}}
մխիթարել,{{hy-conj-ել|մխիթար|mp=on}}
տուժել,{{hy-conj-ել|տուժ}}
տուժվել,{{hy-conj-ել|տուժվ}}
բխել,{{hy-conj-ել|բխ|caus=on}}
զրնգալ,{{hy-conj-ալ|զրնգ|caus=on}}
ողողվել,{{hy-conj-ել|ողողվ}}
քաջալերել,{{hy-conj-ել|քաջալեր|mp=on}}
մտորել,{{hy-conj-ել|մտոր}}
հետազոտել,{{hy-conj-ել|հետազոտ|mp=on}}
մտմտալ,{{hy-conj-ալ|մտմտ}}
կշռադատել,{{hy-conj-ել|կշռադատ|mp=on}}
բնորոշել,{{hy-conj-ել|բնորոշ|mp=on}}
կիրառվել,{{hy-conj-ել|կիրառվ}}
կիրառել,{{hy-conj-ել|կիրառ|mp=on}}
շպռտել,{{hy-conj-ել|շպռտ|mp=on}}
ծլարձակել,{{hy-conj-ել|ծլարձակ|mp=on}}
հեծել,{{hy-conj-ել|հեծ}}
փայլատակել,{{hy-conj-ել|փայլատակ}}
խռմփացնել,{{hy-conj-ցն-ել|խռմփա}}
խռմփալ,{{hy-conj-ալ|խռմփ|caus=on}}
հանգստանալ,{{hy-conj-ալ|հանգստան||հանգստաց|caus=on}}
հատկացնել,{{hy-conj-ցն-ել|հատկա|mp=on}}
ընկճել,{{hy-conj-ել|ընկճ|mp=on}}
հրահրել,{{hy-conj-ել|հրահր|mp=on}}
խնկել,{{hy-conj-ել|խնկ|mp=on}}
դիպչել,{{hy-conj-ել|դիպչ||դիպ}}
հակազդել,{{hy-conj-ել|հակազդ|mp=on}}
շնորհել,{{hy-conj-ել|շնորհ|mp=on}}
բրթել,{{hy-conj-ել|բրթ|mp=on}}
խեթկել,{{hy-conj-ել|խեթկ|mp=on}}
լափել,{{hy-conj-ել|լափ}}
հրճվել,{{hy-conj-ել|հրճվ}}
գգվել,{{hy-conj-ել|գգվ}}
հրկիզել,{{hy-conj-ել|հրկիզ|mp=on}}
հմայել,{{hy-conj-ել|հմայ|mp=on}}
խրախուսել,{{hy-conj-ել|խրախուս|mp=on}}
ոգեշնչել,{{hy-conj-ել|mp=on}}
սպասարկել,{{hy-conj-ել|սպասարկ|mp=on}}
զգուշանալ,{{hy-conj-ալ|զգուաշան||զգուշաց|caus=on}}
կողպել,{{hy-conj-ել|կողպ|mp=on}}
ախտորոշել,{{hy-conj-ել|ախտորոշ|mp=on}}
աջակցել,{{hy-conj-ել|աջակց}}
հիասթափվել,{{hy-conj-ել|հիասթափվ}}
վարել,{{hy-conj-ել|վար|mp=on}}
կկել,{{hy-conj-ել|կկ|mp=on}}
ներբեռնել,{{hy-conj-ել|mp=on}}
ծղրտալ,{{hy-conj-ալ|ծղրտ|caus=on}}
շիկանալ,{{hy-conj-ալ|շիկան||շիկաց|caus=on}}
ստորագրել,{{hy-conj-ել|ստորագր|mp=on}}
աբստրահել,{{hy-conj-ել|աբստրահ|mp=on}}
աբստրահվել,{{hy-conj-ել|աբստրահվ}}
աճեցնել,{{hy-conj-ցն-ել|աճե|mp=on}}
ուժեղանալ,{{hy-conj-ալ|ուժեղան||ուժեղաց|caus=on}}
շատանալ,{{hy-conj-ալ|շատան||շատաց|caus=on}}
մեղադրել,{{hy-conj-ել|mp=on}}
ստուգել,{{hy-conj-ել|ստուգ|mp=on}}
թլվատել,{{hy-conj-ել|թլվատ|mp=on}}
բանեցնել,{{hy-conj-ցն-ել|բանե}}
լրտեսել,{{hy-conj-ել|լրտես|mp=on}}
ունկնդրել,{{hy-conj-ել|ունկնդր|mp=on}}
խոչընդոտել,{{hy-conj-ել|խոչընդոտ|mp=on}}
արորել,{{hy-conj-ել|արոր|mp=on}}
կերտել,{{hy-conj-ել|mp=on}}
երերալ,{{hy-conj-ալ|երեր|caus=on}}
վարանել,{{hy-conj-ել|վարան}}
տարամիտել,{{hy-conj-ել|տարամիտ|mp=on}}
երկմտել,{{hy-conj-ել|երկմտ}}
երկբայել,{{hy-conj-ել|երկբայ}}
երկբայանալ,{{hy-conj-ալ|երկբայան||երկբայաց}}
կասկածել,{{hy-conj-ել|կասկած|mp=on}}
գրգռել,{{hy-conj-ել|գրգռ|mp=on}}
սադրել,{{hy-conj-ել|սադր|mp=on}}
հորդորել,{{hy-conj-ել|հորդոր|mp=on}}
դրդել,{{hy-conj-ել|դրդ|mp=on}}
տոկալ,{{hy-conj-ալ|տոկ}}
անորոշանալ,{{hy-conj-ալ|անորոշան||ոնորոշաց|mp=on}}
հղել,{{hy-conj-ել|հղ|mp=on}}
բողոքարկել,{{hy-conj-ել|բողոքարկ|mp=on}}
պղծել,{{hy-conj-ել|պղծ|mp=on}}
հատուցել,{{hy-conj-ել|հատուց|mp=on}}
ճամփել,{{hy-conj-ել|ճամփ|mp=on}}
ճամփորդել,{{hy-conj-ել|ճամփորդ}}
ճանապարհորդել,{{hy-conj-ել|ճանապարհորդ}}
հեգնել,{{hy-conj-ել|հեգն|mp=on}}
ամայանալ,{{hy-conj-ալ|ամայան||ամայաց|caus=on}}
հուսալքել,{{hy-conj-ել|հուսալք|mp=on}}
հուսահատեցնել,{{hy-conj-ցն-ել|հուսահատե}}
վհատել,{{hy-conj-ել|վհատ|mp=on}}
վհատեցնել,{{hy-conj-ցն-ել|վհատե|mp=on}}
խզել,{{hy-conj-ել|խզ|mp=on}}{{hy-conj-ել|խզ|mp=on}}
ամորձատել,{{hy-conj-ել|ամորձատ|mp=on}}
ներքինացնել,{{hy-conj-ցն-ել|ներքինա}}
բացառել,{{hy-conj-ել|բացառ|mp=on}}
բացառվել,{{hy-conj-ել|բացառվ}}
փարթամանալ,{{hy-conj-ալ|փարթաման||փարթամաց|caus=on}}
փայլունանալ,{{hy-conj-ալ|փայլունան||փայլունաց|caus=on}}
փայլունացնել,{{hy-conj-ցն-ել|փայլունա}}
փայլունացվել,{{hy-conj-ել|փայլունացվ}}
ներքինանալ,{{hy-conj-ալ|ներքինան||ներքինաց|caus=on}}
առաջադիմել,{{hy-conj-ել|առաջադիմ|caus=on}}
աներկյուղանալ,{{hy-conj-ալ|աներկյուղան||աներկյուղաց|caus=on}}
փութացնել,{{hy-conj-ցն-ել|փութա|mp=on}}
աճապարել,{{hy-conj-ել|աճապար|caus=on}}
ճկել,{{hy-conj-ել|ճկ|mp=on}}
պաճուճաբանել,{{hy-conj-ել|պաճուճաբան}}
փքել,{{hy-conj-ել|փք|mp=on}}
փքվել,{{hy-conj-ել|փքվ}}
ճոռոմաբանել,{{hy-conj-ել|ճոռոմաբան|mp=on}}
ճոռոմախոսել,{{hy-conj-ել|ճոռոմախոս}}
ազդել,{{hy-conj-ել|հառ|mp=on}}
ազդվել,{{hy-conj-ել|ազդվ}}
պոռոչել,{{hy-conj-ել|պոռոչ}}
պոռոտաբանել,{{hy-conj-ել|պոռոտաբան}}
պոռոտախոսել,{{hy-conj-ել|պոռոտախոս}}
մեծաբանել,{{hy-conj-ել|մեծաբան|mp=on}}
ամբարտավանանալ,{{hy-conj-ալ|ամբարտավանան||ամբարտավանաց|caus=on}}
ամբարտավանել,{{hy-conj-ել|ամբարտավան}}
խրոխտանալ,{{hy-conj-ալ|խրոխտան||խրոխտաց|caus=on}}
հուզել,{{hy-conj-ել|հուզ|mp=on}}
վերուվարել,{{hy-conj-ել|վերուվար|mp=on}}
սրտաշարժել,{{hy-conj-ել|սրտաշարժ|mp=on}}
ալեկոծել,{{hy-conj-ել|ալեկոծ|mp=on}}
ծփել,{{hy-conj-ել|ծփ|mp=on}}
ծեփել,{{hy-conj-ել|ծեփ|mp=on}}
սնգուրել,{{hy-conj-ել|սնգուր|mp=on}}
սնգուրվել,{{hy-conj-ել|սնգուրվ|mp=on}}
ոլորել,{{hy-conj-ել|հառ|mp=on}}
գանգրացնել,{{hy-conj-ցն-ել|գանգրա}}
գանգրացվել,{{hy-conj-ել|գանգրացվ|mp=on}}
գանգրանալ,{{hy-conj-ալ|գանգրան||գանգրաց|caus=on}}
գանգրվել,{{hy-conj-ել|գանգրվ}}
ոլորակել,{{hy-conj-ել|ոլորակ|mp=on}}
տրցակել,{{hy-conj-ել|տրցակ|mp=on}}
խոպոպանալ,{{hy-conj-ալ|խոպոպան||խոպոպաց|caus=on}}
խոպոպացնել,{{hy-conj-ցն-ել|խոպոպա}}
խոպոպացվել,{{hy-conj-ել|խոպոպացվ}}
խոպոպել,{{hy-conj-ել|խոպոպ|mp=on|caus=on}}
խոպոպեցնել,{{hy-conj-ցն-ել|խոպոպե}}
խոպոպվել,{{hy-conj-ել|խոպոպվ}}
խրթել,{{hy-conj-ել|խրթ|mp=on}}
խռթացնել,{{hy-conj-ցն-ել|խռթա}}
մտադրել,{{hy-conj-ել|մտադր|mp=on}}
մտադրվել,{{hy-conj-ել|մտադրվ}}
չաղանալ,{{hy-conj-ալ|չաղան||չաղաց|caus=on}}
տռզել,{{hy-conj-ել|տռզ|mp=on}}
տկռել,{{hy-conj-ել|տկռ}}
ծածկել,{{hy-conj-ել|ծածկ|mp=on}}
լեցնել,{{hy-conj-ցն-ել|լ|imp1=[[լեցրո՛ւ]]|prohib1=[[մի՛]] [[լցրու]]}}
գործարկել,{{hy-conj-ել|գործարկ|mp=on}}
շահագործել,{{hy-conj-ել|շահագործ|mp=on}}
չարաշահել,{{hy-conj-ել|չարաշահ|mp=on}}
դատապարտել,{{hy-conj-ել|դատապարտ|mp=on}}
կանխագրել,{{hy-conj-ել|կանխագր|mp=on}}
ուրանալ,{{hy-conj-ալ|ուրան||ուրաց|caus=on}}
ուսումնասիրել,{{hy-conj-ել|ուսումնասիր|mp=on}}
պայմանավորել,{{hy-conj-ել|պայմանավոր|mp=on}}
պայմանավորվել,{{hy-conj-ել|պայմանավորվ}}
համաձայնել,{{hy-conj-ել|համաձայն|mp=on|caus=on}}
կանխամտածվել,{{hy-conj-ել|կանխամտածվ}}
կանխամտածել,{{hy-conj-ել|կանխամտած|mp=on}}
առերեսել,{{hy-conj-ել|առերես|mp=on}}
առերեսվել,{{hy-conj-ել|առերեսվ|mp=on}}
հառաչել,{{hy-conj-ել|հառաչ|caus=on}}
հեծեծել,{{hy-conj-ել|հեծեծ}}
վայելել,{{hy-conj-ել|mp=on}}
շփոթել,{{hy-conj-ել|շփոթ|mp=on|caus=on}}
շփոթեցնել,{{hy-conj-ցն-ել|շփոթե}}
շփոթվել,{{hy-conj-ել|շփոթվ}}
ապահովել,{{hy-conj-ել|ապահով|mp=on|caus=on}}
ապահովացնել,{{hy-conj-ցն-ել|ապահովա}}
ապահովեցնել,{{hy-conj-ցն-ել|ապահովե}}
ապահովվել,{{hy-conj-ել|ապահով}}
պարապել,{{hy-conj-ել|պարապ}}
փորձել,{{hy-conj-ել|mp=on}}
հերքվել,{{hy-conj-ել|հերքբ}}
պահածոյացնել,{{hy-conj-ցն-ել|պահածոյա}}
տարվել,{{hy-conj-ել|տարվ}}
պարտվել,{{hy-conj-ել|պարտվ}}
ծպտել,{{hy-conj-ել|ծպտ|mp=on}}
ծպտվել,{{hy-conj-ել|ծպտվ}}
ճողոպրել,{{hy-conj-ել|ճողոպր}}
պատառել,{{hy-conj-ել|պատառ|mp=on}}
ծափահարել,{{hy-conj-ել|ծափ|mp=on}}
ծափահարվել,{{hy-conj-ել|ծափահարվ}}
լկստել,{{hy-conj-ել|լկստ|mp=on|caus=on}}
պահածոյանալ,{{hy-conj-ալ|պահածոյան||պահածոյաց|caus=on}}
խղճալ,{{hy-conj-ալ|խղճ}}
վանկարկել,{{hy-conj-ել|mp=on}}
վանկել,{{hy-conj-ել|mp=on}}
նախանձել,{{hy-conj-ել|նախանձ|caus=on|mp=on}}
կշռել,{{hy-conj-ել|կշռ|mp=on}}
թափվել,{{hy-conj-ել|թափվ|mp=on}}
բարելավել,{{hy-conj-ել|բարելավ|mp=on}}
բաժանվել,{{hy-conj-ել|բաժանվ}}
գնահատել,{{hy-conj-ել|գնահատ|mp=on}}
բնակվել,{{hy-conj-ել|բնակվ}}
տառապել,{{hy-conj-ել|caus=on}}
տառապեցնել,{{hy-conj-ցն-ել|տառապե}}
առողջացնել,{{hy-conj-ցն-ել|առողջա}}
դատարկել,{{hy-conj-ել|դատարկ|mp=on}}
զվարճանալ,{{hy-conj-ալ|զվարճան||զվարճաց|caus=on}}
զվարճացնել,{{hy-conj-ցն-ել|զվարճա|mp=on}}
ինքնահավանել,{{hy-conj-ել|ինքնահավան|mp=on}}
դրսեւորել,{{hy-conj-ել|դրսեւոր|mp=on}}
դրսեւորվել,{{hy-conj-ել|դրսեւոր|mp=on}}
հաճախել,{{hy-conj-ել|հաճախ|mp=on|caus=on}}
հաճախեցնել,{{hy-conj-ցն-ել|հաճախե}}
արտաքսել,{{hy-conj-ել|արտաքս|mp=on}}
աքսորել,{{hy-conj-ել|աքսոր|mp=on}}
աքսորվել,{{hy-conj-ել|աքսորվ}}
կարեկցել,{{hy-conj-ել|կարեկց|mp=on}}
հարսնանալ,{{hy-conj-ալ|հարսնան||հարսնաց|caus=on}}
հարսնացնել,{{hy-conj-ցն-ել|հարսնա}}
պատկանել,{{hy-conj-ել}}
խռթալ,{{hy-conj-ալ|խռթ|caus=on}}
ջղայնանալ,{{hy-conj-ալ|||ջղայնաց}}
կատակել,{{hy-conj-ել}}
կախարդել,{{hy-conj-ել|mp=on}}
կախարդվել,{{hy-conj-ել}}
անզգայանալ,{{hy-conj-ալ|||անցգայաց}}
անզգայացնել,{{hy-conj-ցն-ել}}
անզգայացվել,{{hy-conj-ել}}
հիասթափեցնել,{{hy-conj-ցն-ել}}
ապացուցել,{{hy-conj-ել|mp=on}}
ապացուցվել,{{hy-conj-ել}}
գիտակցել,{{hy-conj-ել|mp=on}}
գիտակցվել,{{hy-conj-ել}}
ահաբեկել,{{hy-conj-ել|mp=on}}
վտանգել,{{hy-conj-ել|mp=on}}
վտանգվել,{{hy-conj-ել}}
պատկառել,{{hy-conj-ել|caus=on}}
ակնածել,{{hy-conj-ել|mp=on}}
երկյուղածել,{{hy-conj-ել}}
երկյուղել,{{hy-conj-ել}}
ահազանգել,{{hy-conj-ել|mp=on}}
սարսափահարել,{{hy-conj-ել|mp=on}}
սարսափահարվել,{{hy-conj-ել}}
սարսափել,{{hy-conj-ել|caus=on}}
սարսափեցնել,{{hy-conj-ցն-ել}}
զարհուրել,{{hy-conj-ել|caus=on}}
զարհուրեցնել,{{hy-conj-ցն-ել}}
ընթադրել,{{hy-conj-ել|mp=on}}
մխրճել,{{hy-conj-ել|mp=on}}
մխրճվել,{{hy-conj-ել}}
մխվել,{{hy-conj-ել}}
թաղել,{{hy-conj-ել|mp=on}}
երթեւեկել,{{hy-conj-ել}}
առկայծվել,{{hy-conj-ել}}
առկախել,{{hy-conj-ել|mp=on}}
առկախվել,{{hy-conj-ել}}
իջեւանել,{{hy-conj-ել}}
վերջակետել,{{hy-conj-ել|mp=on}}
վախճանվել,{{hy-conj-ել}}
վերջանալ,{{hy-conj-ալ|վերջան||վերջաց}}
վերջավորել,{{hy-conj-ել|mp=on}}
վերջավորվել,{{hy-conj-ել}}
վերջացնել,{{hy-conj-ցն-ել}}
վերջացվել,{{hy-conj-ել}}
վերջափակել,{{hy-conj-ել|mp=on}}
վերջափակվել,{{hy-conj-ել}}
հապաղել,{{hy-conj-ել|caus=on}}
հապաղեցնել,{{hy-conj-ցն-ել}}
վերջնամշակել,{{hy-conj-ել|mp=on}}
վերջոտնել,{{hy-conj-ել}}
մոգոնել,{{hy-conj-ել|mp=on}}
ծախել,{{hy-conj-ել|mp=on}}
ծախծխել,{{hy-conj-ել|mp=on}}
ծախծխոտել,{{hy-conj-ել|mp=on}}
ծախծխոտվել,{{hy-conj-ել}}
ծախծխորել,{{hy-conj-ել|mp=on}}
ծախծխորվել,{{hy-conj-ել}}
ծախծխվել,{{hy-conj-ել}}
ծախոտել,{{hy-conj-ել|mp=on}}
ծախոտվել,{{hy-conj-ել}}
սակարկել,{{hy-conj-ել|mp=on}}
սակարկվել,{{hy-conj-ել}}
ծախսագրել,{{hy-conj-ել|mp=on}}
ծախսել,{{hy-conj-ել|mp=on}}
ծախսվել,{{hy-conj-ել}}
ծախվել,{{hy-conj-ել}}
գուշակվել,{{hy-conj-ել}}
ճեղքել,{{hy-conj-ել|mp=on}}
ճեղքվել,{{hy-conj-ել}}
մոտանալ,{{hy-conj-ալ|մոտան||մոտաց}}
մոտավորել,{{hy-conj-ել|mp=on}}
մոտիկանալ,{{hy-conj-ալ|մոտիկան||մոտիկաց}}
բանակցել,{{hy-conj-ել|mp=on}}
ապահովանալ,{{hy-conj-ալ|||ապահովաց}}
անդամալուծել,{{hy-conj-ել|mp=on}}
անդամալուծվել,{{hy-conj-ել}}
աբսորբել,{{hy-conj-ել|mp=on}}
ագահանալ,{{hy-conj-ալ||ագահաց}}
ագահել,{{hy-conj-ել|mp=on}}
ագարականալ,{{hy-conj-ալ||ագարակաց}}
ագարակացնել,{{hy-conj-ցն-ել}}
ագուցահանել,{{hy-conj-ել|mp=on}}
ագուցավորել,{{hy-conj-ել|mp=on}}
ագուցվել,{{hy-conj-ել}}
ագռավանալ,{{hy-conj-ալ|ագռավան||ագռավաց}}
ագրեգատավորել,{{hy-conj-ել|mp=on}}
կացնահարել,{{hy-conj-ել|mp=on}}
կացնահարվել,{{hy-conj-ել}}
կացնել,{{hy-conj-ել|mp=on}}{{hy-conj-ցն-ել}}
ընդունվել,{{hy-conj-ել}}
պատժել,{{hy-conj-ել|mp=on}}
պատժվել,{{hy-conj-ել}}
փաստարկել,{{hy-conj-ել|mp=on}}
փաստարկվել,{{hy-conj-ել}}
փաստել,{{hy-conj-ել|mp=on}}
փաստվել,{{hy-conj-ել}}
գրանցել,{{hy-conj-ել|mp=on}}
գրանցվել,{{hy-conj-ել}}
դադարել,{{hy-conj-ել|caus=on}}
դադարեցնել,{{hy-conj-ցն-ել}}
դադարեցվել,{{hy-conj-ել}}
լիազորել,{{hy-conj-ել|mp=on}}
լիազորվել,{{hy-conj-ել}}
մեղադրվել,{{hy-conj-ել}}
զինել,{{hy-conj-ել|mp=on}}
զինվել,{{hy-conj-ել}}
հայտնաբերել,{{hy-conj-ել|mp=on}}
հանդիպել,{{hy-conj-ել|caus=on}}
հանդիպեցնել,{{hy-conj-ցն-ել}}
հայտարարվել,{{hy-conj-ել}}
ստանձնել,{{hy-conj-ել|mp=on}}
ստորանալ,{{hy-conj-ալ|ստորան||ստորաց}}
ստորացնել,{{hy-conj-ցն-ել}}
ստորացվել,{{hy-conj-ել}}
կարգաբանել,{{hy-conj-ել|mp=on}}
համագործակցել,{{hy-conj-ել}}
համագործել,{{hy-conj-ել}}
առավոտանալ,{{hy-conj-ալ|||առավոտաց}}
ուշանալ,{{hy-conj-ալ|ուշան||ուշաց}}
լցվել,{{hy-conj-ել}}
առողջանալ,{{hy-conj-ալ|||առողջաց}}
ազատագրել,{{hy-conj-ել|mp=on}}
ազատագրվել,{{hy-conj-ել}}
ազատազրկել,{{hy-conj-ել|mp=on}}
ազաբանալ,{{hy-conj-ալ|||ազաբաց}}
ազաբացնել,{{hy-conj-ցն-ել}}
լավանալ,{{hy-conj-ալ|||լավաց}}
բնակել,{{hy-conj-ել|mp=on}}
կռկել,{{hy-conj-ել|mp=on}}
ակնկալել,{{hy-conj-ել|mp=on}}
կախվել,{{hy-conj-ել}}
կազդուրվել,{{hy-conj-ել}}
զգացվել,{{hy-conj-ել}}
գրկել,{{hy-conj-ել|mp=on}}
գոգավորվել,{{hy-conj-ել}}
գանգրել,{{hy-conj-ել|mp=on}}
ջոկել,{{hy-conj-ել|mp=on}}
ցանել,{{hy-conj-ել|mp=on}}
ավարտել,{{hy-conj-ել|mp=on}}
ավարտվել,{{hy-conj-ել}}
սատարել,{{hy-conj-ել|mp=on}}
քսել,{{hy-conj-ել|mp=on}}
դիտվել,{{hy-conj-ել}}
դիտել,{{hy-conj-ել|mp=on}}
թեքել,{{hy-conj-ել|mp=on}}
ադամանդել,{{hy-conj-ել|mp=on}}
ադամանդվել,{{hy-conj-ել}}
ազատագնել,{{hy-conj-ել|mp=on}}
ազատագնվել,{{hy-conj-ել}}
ազատականացնել,{{hy-conj-ցն-ել}}
թեքվել,{{hy-conj-ել}}
թնդալ,{{hy-conj-ալ}}
լուսանկարել,{{hy-conj-ել|mp=on}}
մերժել,{{hy-conj-ել|mp=on}}
զրկել,{{hy-conj-ել|mp=on}}
ցատկել,{{hy-conj-ել|caus=on}}
կաշառվել,{{hy-conj-ել}}
հենվել,{{hy-conj-ել}}
թաթավել,{{hy-conj-ել|mp=on}}
մշակել,{{hy-conj-ել|mp=on}}
գերել,{{hy-conj-ել|mp=on}}
զարգանալ,{{hy-conj-ալ|||զարգաց}}
թխել,{{hy-conj-ել|mp=on}}
արժենալ,{{hy-conj-ալ|արժեն||արժեց}}
ցանցել,{{hy-conj-ել|mp=on}}
հերկել,{{hy-conj-ել|mp=on}}
ապացուցանել,{{hy-conj-ել|mp=on}}
աղանձել,{{hy-conj-ել|mp=on}}
գաղթել,{{hy-conj-ել|caus=on}}
արծնել,{{hy-conj-ել|mp=on}}
արծարծել,{{hy-conj-ել|mp=on}}
բովել,{{hy-conj-ել|mp=on}}
գալարել,{{hy-conj-ել|mp=on}}
գալարվել,{{hy-conj-ել}}
գաղել,{{hy-conj-ել|mp=on}}
